Keywords,Source,Name,Address,Phone,Website,Area and State,Rating,Review Count,Status
App developers in India,Google Map,App Developers India,"PUSHP COMPLEX, D 311, Vastral Cross Road, nr. Vastral Gam Metro Station, Vastral, Ahmedabad, Gujarat 382418",095869 79730,,"XMW8+VX Ahmedabad, Gujarat",5.0,(52),Open 24 hours
App developers in India,Google Map,India App Developer - Leading Mobile App Development Company India,Open 24 hours,,,,4.9,(17),
App developers in India,Google Map,Team Web India,"NO.9/6.lovely nagar extn,, Thudiyalur, Tamil Nadu 641034","3WJM+P3 Thudiyalur, Tamil Nadu",,,4.9,(14),Open
App developers in India,Google Map,IndianAppDevelopers - Top App Developers India,"S- 13, near Vishal Circle, APMC Market, Juhapura, Ahmedabad, Gujarat 380055",094288 07020,,"XGWP+R6 Ahmedabad, Gujarat",4.0,(1),
App developers in India,Google Map,Mobulous | Top Mobile App Development Company in India,"H-146/147, Sector 63 Rd, H Block, Sector 63, Noida, Uttar Pradesh 201301",,,0120 409 6514,4.4,(276),
App developers in India,Google Map,Squash Apps Private Limited,"496 G2, Grand CAG Central, Ground Floor, Avinashi Road, Nava India Rd, Coimbatore, Tamil Nadu 641028",03232 820 051,,"2X9R+5G Coimbatore, Tamil Nadu",4.3,(70),
App developers in India,Google Map,Rushkar Technology Pvt. Ltd - App Developers India | Software Development Company,"B-512, Titenium City Center, Satellite, Ahmedabad, Gujarat 380015",+1 914-902-5545,,"2G6F+Q7 Ahmedabad, Gujarat",4.7,(109),Open 24 hours
App developers in India,Google Map,"Top Rated Mobile App & Website Development Company in Noida, NCR, India, USA & UAE | Softcoderz","A Block, Sector 63, Noida, Uttar Pradesh 201301",092054 77718,,"J9CJ+9F Noida, Uttar Pradesh",4.5,(8),Open
App developers in India,Google Map,Hire App Developers India,"4th Floor, Safal Pegasus, A-405-1, 100 Feet Rd, opp. Venus Atlantis, Chinar Bungalows, Prahlad Nagar, Ahmedabad, Gujarat 380015",,,,5.0,(14),
App developers in India,Google Map,India's Chain of Top Talented Mobile App Development Companies for 2024 (Updated),"710, Elite Business Park AUDI Showroom Lane, Shapath Hexa, Sarkhej - Gandhinagar Hwy, Vishwas City 1, Sola, Ahmedabad, Gujarat 380060",,,,4.3,(6),Open
App developers in India,Google Map,App Ideas Infotech Pvt Ltd - Mobile App Development Company,"Raspan Arcade, Haridarshan Road, F0-6, Nikol - Naroda Rd, New India Colony, Nikol, Ahmedabad, Gujarat 382350",,,,4.7,(30),Open
App developers in India,Google Map,AppTrait Solutions - Your App Development Partner,"202, Radhe Kishan Arcade, New Arti Society, Ghodasar, Ahmedabad, Gujarat 380050",,,,4.8,(16),Open
App developers in India,Google Map,Raindrops InfoTech,"Shivanta one, A/804, opp. Nalli Silk Sarees, next to Hare krishna Complex, Pritam Nagar, Paldi, Ahmedabad, Gujarat 380007",,,,3.9,(52),Open
App developers in India,Google Map,AppAspect Technologies (India) - Best Web & Mobile App Development Company,"Shakti Vijay Society, A/8, BRTS, near Vijay Park, N.H.8, Krishnanagar, Ahmedabad, Gujarat 382345",096876 90810,,,5.0,(110),
App developers in India,Google Map,iCoderz Solutions Pvt Ltd,"207, Rudram icon, near SILVER OAK COLLEGE OF ENGINEERING AND TECHNOLOGY, opp. LAMBDA HOUSE, Gota, Ahmedabad, Gujarat 382481",093090 90932,,,4.6,(88),Open
App developers in India,Google Map,Whitelotus Corporation Pvt. Ltd - Web & Mobile App Development Company in India,"916, Metro Station, Gala Empire, Drive In Rd, opp. Doordarshan Tower, Nilmani Society, Gurukul, Ahmedabad, Gujarat 380052",088668 78983,,,4.8,(12),Open
App developers in India,Google Map,Hidden Brains,"Sachet-4, 301, Jodhpur Gam Rd, near Prernatirth Derasar Road, above Kotak Mahindra Bank, Jodhpur Village, Ahmedabad, Gujarat 380015",,,,4.3,(159),Open
App developers in India,Google Map,Shine Infosoft (Mobile & Web App Development Agency - Hire Remote Developers),"Kataria Arcade, 401, behind Adani CNG Pump, off Sarkhej - Gandhinagar Highway, Makarba, Ahmedabad, Gujarat 380051",,,,4.7,(133),Open
App developers in India,Google Map,Web 3.0 India | Web 3 & Blockchain Development Company,"602, Iscon Emporio, Jodhpur Cross Rd, nr. Star Bazaar, Satellite, Ahmedabad, Gujarat 380015",095109 87700,,,4.8,(35),Open
App developers in India,Google Map,iMOBDEV Technologies,"Shivam Complex, 201, Science City Rd, opp. Hetarth Party Plot, Sola, Ahmedabad, Gujarat 380060","3GG5+J6 Ahmedabad, Gujarat",,,4.4,(80),Open
