Keywords,Source,Name,Address,Phone,Website,Area and State
App developers in Tamilnadu,Google Map,"Mobile App Android And IOS Application Developer Website Designer, Flutter and React in Coimbatore , Chennai, Bengalore","KNG PUDUR ROAD, Coimbatore, Tamil Nadu 641108","2XC9+36 Coimbatore, Tamil Nadu",,
App developers in Tamilnadu,Google Map,MS IT PARK PRIVATE LIMITED,"E Block 4th Floor, PSG STEP, E-Lab -501A, Peelamedu, Coimbatore, Tamil Nadu 641004",099522 75310,,
App developers in Tamilnadu,Google Map,Macberries Infotech,"8/19B1C,Meharali Street, Vellalore - Pattanam Rd, Indra Nagar, Coimbatore, Tamil Nadu 642120",,,
App developers in Tamilnadu,Google Map,Adhoc Softwares- Best Mobile App Development Company / Top mobile app development company in coimbatore,"SF NO 163/2, Periyagounder nagar, Saravanampatti, Coimbatore, Tamil Nadu 641035","3272+MP Coimbatore, Tamil Nadu",,
App developers in Tamilnadu,Google Map,ProPlus Logics,"1438, Sakthy Trade Centre, No: 1435, Bharathi Nagar, Ganapathy, Coimbatore, Tamil Nadu 641006",094819 98213,,
App developers in Tamilnadu,Google Map,NowFloats Technologies Limited,,,,
App developers in Tamilnadu,Google Map,"AppsComp Widgets Pvt Ltd.,",,,,
App developers in Tamilnadu,Google Map,Flipcod Technologies - Mobile App Development Company in Coimbatore| Android / ios / Flutter Mobile App Company in Coimbatore,,,,
App developers in Tamilnadu,Google Map,"MLM Software in Coimbatore, Tamilnadu & Kerala","1A,POST OFFICE ROAD, FIRST FLOOR, KRISHNASWAMY NAGAR, RAMANATHAPURAM, Coimbatore, Tamil Nadu 641045",074189 77990,,
App developers in Tamilnadu,Google Map,Eclat Software Solutions,"Vijay Complex, 19, Second Floor, Villankurichi Rd, opp. sub registrar office, Saravanampatti, Coimbatore, Tamil Nadu 641035",,,
App developers in Tamilnadu,Google Map,Haqto Technologies,"No.198 , 3rd floor, vkv building, Peranaidu Layout, Ram Nagar, Coimbatore, Tamil Nadu 641009",099943 44182,,"2X86+4W Coimbatore, Tamil Nadu"
App developers in Tamilnadu,Google Map,Website | Design | Development | Mobile | App | Design | Development,,,,
App developers in Tamilnadu,Google Map,Squash Apps Private Limited,"496 G2, Grand CAG Central, Ground Floor, Avinashi Road, Nava India Rd, Coimbatore, Tamil Nadu 641028",,,
App developers in Tamilnadu,Google Map,MLM Software india,,,,
App developers in Tamilnadu,Google Map,Mindnotix Software Solutions,"No.208, Sri Vasta Siva Complex, 4th Floor, Dr Rajendra Prasad Rd, Gandhipuram, Tamil Nadu 641012",095007 88278,,
App developers in Tamilnadu,Google Map,Idreamdevelopers,"91, Civil Aerodrome Post, Opp. CMC, Dr.Jaganathan Nagar, Coimbatore, Tamil Nadu 641014","22GF+RM Coimbatore, Tamil Nadu",,
App developers in Tamilnadu,Google Map,Appray Technologies Pvt Ltd,"No.21, Thanner Pandel Road, 1st St, Peelamedu, Maheshwari Nagar, Coimbatore, Tamil Nadu 641004","22P7+2J Coimbatore, Tamil Nadu",,
App developers in Tamilnadu,Google Map,TealOrca Software Solutions Pvt Ltd,"Covai Tech park, 4th south cross street, Kovai Thirunagar, Indira Nagar, Civil Aerodrome Post, Nehru Nagar West, Coimbatore, Tamil Nadu 641014",099526 61702,,
App developers in Tamilnadu,Google Map,ADS Software,,,,
App developers in Tamilnadu,Google Map,Nandha Infotech,"89/99, NGN St, Siddhapudur, New Siddhapudur, Coimbatore, Tamil Nadu 641044",099524 98572,,
